{"cameraMode":{"drawMode":0,"name":"Shaded","section":"Shading Mode"},"sceneLighting":false,"audioPlay":false,"sceneViewState":{"showFog":true,"showMaterialUpdate":false,"showSkybox":false,"showFlares":true,"showImageEffects":true,"showParticleSystems":true,"showVisualEffectGraphs":true,"m_FxEnabled":true},"in2DMode":false,"pivot":{"x":5.52324914932251,"y":1.8245635032653809,"z":-13.023445129394532},"rotation":{"x":0.005542161408811808,"y":0.9156748652458191,"z":-0.40168583393096926,"w":0.012633644044399262},"size":2.7872471809387209,"orthographic":false}