{"cameraMode":{"drawMode":0,"name":"Shaded","section":"Shading Mode"},"sceneLighting":true,"audioPlay":false,"sceneViewState":{"showFog":true,"showMaterialUpdate":false,"showSkybox":true,"showFlares":true,"showImageEffects":true,"showParticleSystems":true,"showVisualEffectGraphs":true,"m_FxEnabled":true},"in2DMode":false,"pivot":{"x":0.20924758911132813,"y":-16.54875373840332,"z":-15.30943775177002},"rotation":{"x":0.005542161408811808,"y":0.9156748652458191,"z":-0.40168583393096926,"w":0.012633644044399262},"size":14.094644546508789,"orthographic":false}