{"cameraMode":{"drawMode":0,"name":"Shaded","section":"Shading Mode"},"sceneLighting":true,"audioPlay":false,"sceneViewState":{"showFog":true,"showMaterialUpdate":false,"showSkybox":true,"showFlares":true,"showImageEffects":true,"showParticleSystems":true,"showVisualEffectGraphs":true,"m_FxEnabled":true},"in2DMode":false,"pivot":{"x":0.7551901340484619,"y":0.35058367252349856,"z":0.08840203285217285},"rotation":{"x":0.02238549292087555,"y":0.9750237464904785,"z":-0.18802204728126527,"w":0.11608418077230454},"size":0.8660256266593933,"orthographic":false}