{"cameraMode":{"drawMode":0,"name":"Shaded","section":"Shading Mode"},"sceneLighting":false,"audioPlay":false,"sceneViewState":{"showFog":true,"showMaterialUpdate":false,"showSkybox":false,"showFlares":true,"showImageEffects":true,"showParticleSystems":true,"showVisualEffectGraphs":true,"m_FxEnabled":true},"in2DMode":false,"pivot":{"x":-16.3290958404541,"y":1.4585692882537842,"z":-0.010962560772895813},"rotation":{"x":0.005542161408811808,"y":0.9156748652458191,"z":-0.40168583393096926,"w":0.012633644044399262},"size":1.7285414934158326,"orthographic":false}