{"cameraMode":{"drawMode":0,"name":"Shaded","section":"Shading Mode"},"sceneLighting":false,"audioPlay":false,"sceneViewState":{"showFog":true,"showMaterialUpdate":false,"showSkybox":false,"showFlares":true,"showImageEffects":true,"showParticleSystems":true,"showVisualEffectGraphs":true,"m_FxEnabled":true},"in2DMode":false,"pivot":{"x":0.26100000739097597,"y":0.38199999928474429,"z":0.3889999985694885},"rotation":{"x":0.22733613848686219,"y":0.7722592353820801,"z":-0.433491975069046,"w":0.40499570965766909},"size":0.08660256117582321,"orthographic":false}