{"cameraMode":{"drawMode":0,"name":"Shaded","section":"Shading Mode"},"sceneLighting":false,"audioPlay":false,"sceneViewState":{"showFog":true,"showMaterialUpdate":false,"showSkybox":false,"showFlares":true,"showImageEffects":true,"showParticleSystems":true,"showVisualEffectGraphs":true,"m_FxEnabled":true},"in2DMode":false,"pivot":{"x":-8.329999923706055,"y":0.6551928520202637,"z":-8.149999618530274},"rotation":{"x":0.005542161408811808,"y":0.9156748652458191,"z":-0.40168583393096926,"w":0.012633644044399262},"size":1.2803689241409302,"orthographic":false}